Workbook

Sheet Ввод
A2: Дата отчёта: | C2: 46275
E4: ПОРТФЕЛЬ | G4: ПРОСРОЧКА | K4: ДОЗВОНИЛИСЬ / ОБЕЩАЛИ | O4: НЕ ДОЗВОНИЛИСЬ / ОБЪЕЗД | S4: ОПЛАЧЕНО ЗА ДЕНЬ | U4: ЭФФЕКТИВНОСТЬ И НАГРУЗКА
A5: № | B5: Область | C5: Ответственный | D5: Сотруд- ников | E5: Портфель, сум | F5: Портфель, шт | G5: Просрочка, сум | H5: Просрочка, шт | I5: % к портфелю | J5: % к кол-ву | K5: Дозвон, сум | L5: Дозвон, шт | M5: Обещали, сум | N5: Обещали, шт | O5: Не дозв., сум | P5: Не дозв., шт | Q5: Объезд, сум | R5: Объезд, шт | S5: Оплачено, сум | T5: Оплачено, шт | U5: % дозвона (шт) | V5: % обещаний (от дозвона) | W5: Просрочка на 1 сотр. | X5: Дозвон на 1 сотр. | AA5: служ. (для сортировки)
A6: 1 | B6: АНДИЖОН ВИЛОЯТИ | C6: =IFERROR(INDEX(Справочники!$D$4:$D$21,MATCH($B6,Справочники!$B$4:$B$21,0)),"") | D6: =SUMIF(Справочники!$H$4:$H$21,$B6,Справочники!$E$4:$E$21) -> 0 | E6: 2.1670184e+10 | F6: 445 | G6: =$K6+$O6 -> 2.1699731e+08 | H6: =$L6+$P6 -> 32 | I6: =IFERROR($G6/$E6,"") -> 0.010013635 | J6: =IFERROR($H6/$F6,"") -> 0.071910112 | K6: 1.9527802e+08 | L6: 56 | M6: 45364751 | N6: 18 | O6: 4.4723563e+08 | P6: 89 | Q6: 1.901667e+08 | R6: 33 | S6: 17381009 | T6: 5 | U6: =IFERROR($L6/$H6,"") -> 0 | V6: =IFERROR($N6/$L6,"") | W6: =IFERROR($H6/$D6,"") | X6: =IFERROR($L6/$D6,"") | AA6: =IFERROR($U6,0)+ROW()/1000000 -> 6e-06
A7: 2 | B7: БУХОРО ВИЛОЯТИ | C7: =IFERROR(INDEX(Справочники!$D$4:$D$21,MATCH($B7,Справочники!$B$4:$B$21,0)),"") | D7: =SUMIF(Справочники!$H$4:$H$21,$B7,Справочники!$E$4:$E$21) -> 0 | E7: 5.1231734e+09 | F7: 167 | G7: =$K7+$O7 -> 2.0266951e+08 | H7: =$L7+$P7 -> 18 | I7: =IFERROR($G7/$E7,"") -> 0.03955937 | J7: =IFERROR($H7/$F7,"") -> 0.10778443 | K7: 61425722 | L7: 15 | M7: 54382827 | N7: 13 | O7: 2.3206656e+08 | P7: 43 | Q7: 13708652 | R7: 8 | S7: 302513.61 | T7: 1 | U7: =IFERROR($L7/$H7,"") -> 0 | V7: =IFERROR($N7/$L7,"") | W7: =IFERROR($H7/$D7,"") | X7: =IFERROR($L7/$D7,"") | AA7: =IFERROR($U7,0)+ROW()/1000000 -> 7e-06
A8: 3 | B8: ЖИЗЗАХ ВИЛОЯТИ | C8: =IFERROR(INDEX(Справочники!$D$4:$D$21,MATCH($B8,Справочники!$B$4:$B$21,0)),"") | D8: =SUMIF(Справочники!$H$4:$H$21,$B8,Справочники!$E$4:$E$21) -> 0 | E8: 1.3904205e+10 | F8: 493 | G8: =$K8+$O8 -> 2.498528e+08 | H8: =$L8+$P8 -> 51 | I8: =IFERROR($G8/$E8,"") -> 0.017969585 | J8: =IFERROR($H8/$F8,"") -> 0.10344828 | K8: 1.1782449e+08 | L8: 34 | M8: 1.1470238e+08 | N8: 33 | O8: 4.1375563e+08 | P8: 122 | Q8: 0 | R8: 0 | S8: 3122110.3 | T8: 1 | U8: =IFERROR($L8/$H8,"") -> 0.39215686 | V8: =IFERROR($N8/$L8,"") -> 0.95 | W8: =IFERROR($H8/$D8,"") | X8: =IFERROR($L8/$D8,"") | AA8: =IFERROR($U8,0)+ROW()/1000000 -> 0.39216486
A9: 4 | B9: КАШКАДАРЁ ВИЛОЯТИ | C9: =IFERROR(INDEX(Справочники!$D$4:$D$21,MATCH($B9,Справочники!$B$4:$B$21,0)),"") | D9: =SUMIF(Справочники!$H$4:$H$21,$B9,Справочники!$E$4:$E$21) -> 0 | E9: 1.2186569e+10 | F9: 418 | G9: =$K9+$O9 -> 2.0555796e+08 | H9: =$L9+$P9 -> 33 | I9: =IFERROR($G9/$E9,"") -> 0.016867583 | J9: =IFERROR($H9/$F9,"") -> 0.078947368 | K9: 1.2236819e+08 | L9: 44 | M9: 31740948 | N9: 20 | O9: 4.0776469e+08 | P9: 112 | Q9: 13748084 | R9: 3 | S9: 24869586 | T9: 10 | U9: =IFERROR($L9/$H9,"") -> 0.87878788 | V9: =IFERROR($N9/$L9,"") -> 0.62068966 | W9: =IFERROR($H9/$D9,"") | X9: =IFERROR($L9/$D9,"") | AA9: =IFERROR($U9,0)+ROW()/1000000 -> 0.87879688
A10: 5 | B10: КОРАКАЛПОГИСТОН РЕСПУБЛИКАСИ | C10: =IFERROR(INDEX(Справочники!$D$4:$D$21,MATCH($B10,Справочники!$B$4:$B$21,0)),"") | D10: =SUMIF(Справочники!$H$4:$H$21,$B10,Справочники!$E$4:$E$21) -> 0 | E10: 1.1119545e+10 | F10: 269 | G10: =$K10+$O10 -> 2.5963958e+08 | H10: =$L10+$P10 -> 26 | I10: =IFERROR($G10/$E10,"") -> 0.023349839 | J10: =IFERROR($H10/$F10,"") -> 0.096654275 | K10: 3.9195112e+08 | L10: 74 | M10: 3.7273254e+08 | N10: 66 | O10: 70479568 | P10: 20 | Q10: 33562066 | R10: 8 | S10: 2928340.1 | T10: 2 | U10: =IFERROR($L10/$H10,"") -> 0.76923077 | V10: =IFERROR($N10/$L10,"") -> 0.2 | W10: =IFERROR($H10/$D10,"") | X10: =IFERROR($L10/$D10,"") | AA10: =IFERROR($U10,0)+ROW()/1000000 -> 0.76924077
A11: 6 | B11: НАВОИЙ ВИЛОЯТИ | C11: =IFERROR(INDEX(Справочники!$D$4:$D$21,MATCH($B11,Справочники!$B$4:$B$21,0)),"") | D11: =SUMIF(Справочники!$H$4:$H$21,$B11,Справочники!$E$4:$E$21) -> 0 | E11: 6.476845e+09 | F11: 209 | G11: =$K11+$O11 -> 1.0708535e+08 | H11: =$L11+$P11 -> 18 | I11: =IFERROR($G11/$E11,"") -> 0.016533567 | J11: =IFERROR($H11/$F11,"") -> 0.086124402 | K11: 1.4688063e+08 | L11: 44 | M11: 62094719 | N11: 19 | O11: 1.3175698e+08 | P11: 36 | Q11: 18297751 | R11: 4 | S11: 10356449 | T11: 6 | U11: =IFERROR($L11/$H11,"") -> 0.055555556 | V11: =IFERROR($N11/$L11,"") -> 1 | W11: =IFERROR($H11/$D11,"") | X11: =IFERROR($L11/$D11,"") | AA11: =IFERROR($U11,0)+ROW()/1000000 -> 0.055566556
A12: 7 | B12: НАМАНГАН ВИЛОЯТИ | C12: =IFERROR(INDEX(Справочники!$D$4:$D$21,MATCH($B12,Справочники!$B$4:$B$21,0)),"") | D12: =SUMIF(Справочники!$H$4:$H$21,$B12,Справочники!$E$4:$E$21) -> 0 | E12: 1.4729616e+10 | F12: 438 | G12: =$K12+$O12 -> 5.9799851e+08 | H12: =$L12+$P12 -> 62 | I12: =IFERROR($G12/$E12,"") -> 0.040598377 | J12: =IFERROR($H12/$F12,"") -> 0.14155251 | K12: 1.0564804e+08 | L12: 41 | M12: 10234016 | N12: 5 | O12: 9.0658487e+08 | P12: 147 | Q12: 25425416 | R12: 10 | S12: 21776382 | T12: 7 | U12: =IFERROR($L12/$H12,"") -> 0.48387097 | V12: =IFERROR($N12/$L12,"") -> 1 | W12: =IFERROR($H12/$D12,"") | X12: =IFERROR($L12/$D12,"") | AA12: =IFERROR($U12,0)+ROW()/1000000 -> 0.48388297
A13: 8 | B13: САМАРКАНД ВИЛОЯТИ | C13: =IFERROR(INDEX(Справочники!$D$4:$D$21,MATCH($B13,Справочники!$B$4:$B$21,0)),"") | D13: =SUMIF(Справочники!$H$4:$H$21,$B13,Справочники!$E$4:$E$21) -> 0 | E13: 1.6007859e+10 | F13: 549 | G13: =$K13+$O13 -> 2.6721243e+08 | H13: =$L13+$P13 -> 61 | I13: =IFERROR($G13/$E13,"") -> 0.016692577 | J13: =IFERROR($H13/$F13,"") -> 0.11111111 | K13: 0 | L13: 0 | M13: 0 | N13: 0 | O13: 7.4384596e+08 | P13: 209 | Q13: 0 | R13: 0 | S13: 0 | T13: 0 | U13: =IFERROR($L13/$H13,"") -> 0.24590164 | V13: =IFERROR($N13/$L13,"") -> 1 | W13: =IFERROR($H13/$D13,"") | X13: =IFERROR($L13/$D13,"") | AA13: =IFERROR($U13,0)+ROW()/1000000 -> 0.24591464
A14: 9 | B14: СИРДАРЁ ВИЛОЯТИ | C14: =IFERROR(INDEX(Справочники!$D$4:$D$21,MATCH($B14,Справочники!$B$4:$B$21,0)),"") | D14: =SUMIF(Справочники!$H$4:$H$21,$B14,Справочники!$E$4:$E$21) -> 0 | E14: 7.1897605e+09 | F14: 151 | G14: =$K14+$O14 -> 97690450 | H14: =$L14+$P14 -> 17 | I14: =IFERROR($G14/$E14,"") -> 0.013587441 | J14: =IFERROR($H14/$F14,"") -> 0.11258278 | K14: 1.5486346e+08 | L14: 43 | M14: 1.3757921e+08 | N14: 37 | O14: 95563028 | P14: 15 | Q14: 0 | R14: 0 | S14: 2171308.5 | T14: 1 | U14: =IFERROR($L14/$H14,"") -> 0.58823529 | V14: =IFERROR($N14/$L14,"") -> 0.1 | W14: =IFERROR($H14/$D14,"") | X14: =IFERROR($L14/$D14,"") | AA14: =IFERROR($U14,0)+ROW()/1000000 -> 0.58824929
A15: 10 | B15: СУРХОНДАРЁ ВИЛОЯТИ | C15: =IFERROR(INDEX(Справочники!$D$4:$D$21,MATCH($B15,Справочники!$B$4:$B$21,0)),"") | D15: =SUMIF(Справочники!$H$4:$H$21,$B15,Справочники!$E$4:$E$21) -> 0 | E15: 1.6585229e+10 | F15: 558 | G15: =$K15+$O15 -> 1.0837511e+09 | H15: =$L15+$P15 -> 97 | I15: =IFERROR($G15/$E15,"") -> 0.065344354 | J15: =IFERROR($H15/$F15,"") -> 0.17383513 | K15: 3.6663462e+08 | L15: 106 | M15: 1.5078261e+08 | N15: 47 | O15: 1.1635137e+09 | P15: 129 | Q15: 19012841 | R15: 8 | S15: 19057793 | T15: 9 | U15: =IFERROR($L15/$H15,"") -> 0.18556701 | V15: =IFERROR($N15/$L15,"") -> 0.11111111 | W15: =IFERROR($H15/$D15,"") | X15: =IFERROR($L15/$D15,"") | AA15: =IFERROR($U15,0)+ROW()/1000000 -> 0.18558201
A16: 11 | B16: ТОШКЕНТ ВИЛОЯТИ | C16: =IFERROR(INDEX(Справочники!$D$4:$D$21,MATCH($B16,Справочники!$B$4:$B$21,0)),"") | D16: =SUMIF(Справочники!$H$4:$H$21,$B16,Справочники!$E$4:$E$21) -> 0 | E16: 3.6871387e+10 | F16: 842 | G16: =$K16+$O16 -> 8.8698663e+08 | H16: =$L16+$P16 -> 93 | I16: =IFERROR($G16/$E16,"") -> 0.024056232 | J16: =IFERROR($H16/$F16,"") -> 0.11045131 | K16: 0 | L16: 0 | M16: 0 | N16: 0 | O16: 1.6425568e+09 | P16: 305 | Q16: 0 | R16: 0 | S16: 0 | T16: 0 | U16: =IFERROR($L16/$H16,"") -> 0 | V16: =IFERROR($N16/$L16,"") | W16: =IFERROR($H16/$D16,"") | X16: =IFERROR($L16/$D16,"") | AA16: =IFERROR($U16,0)+ROW()/1000000 -> 1.6e-05
A17: 12 | B17: ТОШКЕНТ ШАХРИ | C17: =IFERROR(INDEX(Справочники!$D$4:$D$21,MATCH($B17,Справочники!$B$4:$B$21,0)),"") | D17: =SUMIF(Справочники!$H$4:$H$21,$B17,Справочники!$E$4:$E$21) -> 0 | E17: 4.3531855e+10 | F17: 908 | G17: =$K17+$O17 -> 1.6257267e+09 | H17: =$L17+$P17 -> 115 | I17: =IFERROR($G17/$E17,"") -> 0.037345679 | J17: =IFERROR($H17/$F17,"") -> 0.12665198 | K17: 0 | L17: 0 | M17: 0 | N17: 0 | O17: 2.1852896e+09 | P17: 278 | Q17: 0 | R17: 0 | S17: 0 | T17: 0 | U17: =IFERROR($L17/$H17,"") -> 0 | V17: =IFERROR($N17/$L17,"") | W17: =IFERROR($H17/$D17,"") | X17: =IFERROR($L17/$D17,"") | AA17: =IFERROR($U17,0)+ROW()/1000000 -> 1.7e-05
... A19: 14 | B19: ХОРАЗМ ВИЛОЯТИ | C19: =IFERROR(INDEX(Справочники!$D$4:$D$21,MATCH($B19,Справочники!$B$4:$B$21,0)),"") | D19: =SUMIF(Справочники!$H$4:$H$21,$B19,Справочники!$E$4:$E$21) -> 0 | E19: 2.0499096e+10 | F19: 504 | G19: =$K19+$O19 -> 2.9345986e+08 | H19: =$L19+$P19 -> 49 | I19: =IFERROR($G19/$E19,"") -> 0.014315746 | J19: =IFERROR($H19/$F19,"") -> 0.097222222 | K19: 2.2540186e+08 | L19: 57 | M19: 1.8882467e+08 | N19: 45 | O19: 4.7120359e+08 | P19: 109 | Q19: 3416292 | R19: 2 | S19: 1081718.4 | T19: 3 | U19: =IFERROR($L19/$H19,"") -> 0.46938776 | V19: =IFERROR($N19/$L19,"") -> 0.26086957 | W19: =IFERROR($H19/$D19,"") | X19: =IFERROR($L19/$D19,"") | AA19: =IFERROR($U19,0)+ROW()/1000000 -> 0.46940676
B24: ИТОГО | D24: =SUM(D6:D23) -> 0 | E24: =SUM(E6:E23) -> 2.4329876e+11 | F24: =SUM(F6:F23) -> 6312 | G24: =SUM(G6:G23) -> 6.9014395e+09 | H24: =SUM(H6:H23) -> 725 | I24: =IFERROR($G24/$E24,"") -> 0.02836611 | J24: =IFERROR($H24/$F24,"") -> 0.11486058 | K24: =SUM(K6:K23) -> 1.1882477e+09 | L24: =SUM(L6:L23) -> 166 | M24: =SUM(M6:M23) -> 7.4828599e+08 | N24: =SUM(N6:N23) -> 96 | O24: =SUM(O6:O23) -> 5.7131919e+09 | P24: =SUM(P6:P23) -> 559 | Q24: =SUM(Q6:Q23) -> 3291590.6 | R24: =SUM(R6:R23) -> 2 | ... T24: =SUM(T6:T23) -> 28 | U24: =IFERROR($L24/$H24,"") -> 0.22896552 | V24: =IFERROR($N24/$L24,"") -> 0.57831325 | W24: =IFERROR($H24/$D24,"") | X24: =IFERROR($L24/$D24,"")

Sheet Отчёт_дня
A3: Дата отчёта: | C3: =Ввод!$C$2 -> 46272
A6: 1. ПОКАЗАТЕЛИ ДНЯ
A7: Портфель, сум | D7: =Ввод!$E$24 -> 2.4329876e+11
A8: Просрочка, сум | D8: =Ввод!$G$24 -> 6.9014395e+09
A9: % просрочки к портфелю | D9: =Ввод!$I$24 -> 0.02836611
A10: Просрочка, шт | D10: =Ввод!$H$24 -> 725
A11: Дозвонились, шт | D11: =Ввод!$L$24 -> 166
A12: % дозвона | D12: =Ввод!$U$24 -> 0.22896552
A13: Обещали оплату, шт | D13: =Ввод!$N$24 -> 96
A14: Не дозвонились, шт | D14: =Ввод!$P$24 -> 559
A15: Объезд, шт | D15: =Ввод!$R$24 -> 2
A16: Оплачено за день, сум | D16: =Ввод!$S$24 -> 0
A19: 2. ДЕТАЛИЗАЦИЯ ПО ОБЛАСТЯМ
A21: Область | B21: Ответственный | C21: Сотруд- ников | D21: % дозвона | E21: Просрочка на 1 сотр. | F21: Оплачено, сум | G21: Оценка
A22: =Ввод!$B$6 -> АНДИЖОН ВИЛОЯТИ | B22: =Ввод!$C$6 | C22: =Ввод!$D$6 -> 0 | D22: =IFERROR(Ввод!$U$6,0) -> 0 | E22: =IFERROR(Ввод!$W$6,0) | F22: =Ввод!$S$6 -> 0 | G22: =IF(Ввод!$H$6=0,"Нет данных",IF($D22>=0.8,"Отлично",IF($D22>=0.5,"Хорошо","Требует внимания"))) -> Требует внимания
A23: =Ввод!$B$7 -> БУХОРО ВИЛОЯТИ | B23: =Ввод!$C$7 | C23: =Ввод!$D$7 -> 0 | D23: =IFERROR(Ввод!$U$7,0) -> 0 | E23: =IFERROR(Ввод!$W$7,0) | F23: =Ввод!$S$7 -> 0 | G23: =IF(Ввод!$H$7=0,"Нет данных",IF($D23>=0.8,"Отлично",IF($D23>=0.5,"Хорошо","Требует внимания"))) -> Требует внимания
A24: =Ввод!$B$8 -> ЖИЗЗАХ ВИЛОЯТИ | B24: =Ввод!$C$8 | C24: =Ввод!$D$8 -> 0 | D24: =IFERROR(Ввод!$U$8,0) -> 0.39215686 | E24: =IFERROR(Ввод!$W$8,0) | F24: =Ввод!$S$8 -> 0 | G24: =IF(Ввод!$H$8=0,"Нет данных",IF($D24>=0.8,"Отлично",IF($D24>=0.5,"Хорошо","Требует внимания"))) -> Требует внимания
A25: =Ввод!$B$9 -> КАШКАДАРЁ ВИЛОЯТИ | B25: =Ввод!$C$9 | C25: =Ввод!$D$9 -> 0 | D25: =IFERROR(Ввод!$U$9,0) -> 0.87878788 | E25: =IFERROR(Ввод!$W$9,0) | F25: =Ввод!$S$9 -> 0 | G25: =IF(Ввод!$H$9=0,"Нет данных",IF($D25>=0.8,"Отлично",IF($D25>=0.5,"Хорошо","Требует внимания"))) -> Отлично
A26: =Ввод!$B$10 -> КОРАКАЛПОГИСТОН РЕСПУБЛИКАСИ | B26: =Ввод!$C$10 | C26: =Ввод!$D$10 -> 0 | D26: =IFERROR(Ввод!$U$10,0) -> 0.76923077 | E26: =IFERROR(Ввод!$W$10,0) | F26: =Ввод!$S$10 -> 0 | G26: =IF(Ввод!$H$10=0,"Нет данных",IF($D26>=0.8,"Отлично",IF($D26>=0.5,"Хорошо","Требует внимания"))) -> Хорошо
A27: =Ввод!$B$11 -> НАВОИЙ ВИЛОЯТИ | B27: =Ввод!$C$11 | C27: =Ввод!$D$11 -> 0 | D27: =IFERROR(Ввод!$U$11,0) -> 0.055555556 | E27: =IFERROR(Ввод!$W$11,0) | F27: =Ввод!$S$11 -> 0 | G27: =IF(Ввод!$H$11=0,"Нет данных",IF($D27>=0.8,"Отлично",IF($D27>=0.5,"Хорошо","Требует внимания"))) -> Требует внимания
A28: =Ввод!$B$12 -> НАМАНГАН ВИЛОЯТИ | B28: =Ввод!$C$12 | C28: =Ввод!$D$12 -> 0 | D28: =IFERROR(Ввод!$U$12,0) -> 0.48387097 | E28: =IFERROR(Ввод!$W$12,0) | F28: =Ввод!$S$12 -> 0 | G28: =IF(Ввод!$H$12=0,"Нет данных",IF($D28>=0.8,"Отлично",IF($D28>=0.5,"Хорошо","Требует внимания"))) -> Требует внимания
A29: =Ввод!$B$13 -> САМАРКАНД ВИЛОЯТИ | B29: =Ввод!$C$13 | C29: =Ввод!$D$13 -> 0 | D29: =IFERROR(Ввод!$U$13,0) -> 0.24590164 | E29: =IFERROR(Ввод!$W$13,0) | F29: =Ввод!$S$13 -> 0 | G29: =IF(Ввод!$H$13=0,"Нет данных",IF($D29>=0.8,"Отлично",IF($D29>=0.5,"Хорошо","Требует внимания"))) -> Требует внимания
A30: =Ввод!$B$14 -> СИРДАРЁ ВИЛОЯТИ | B30: =Ввод!$C$14 | C30: =Ввод!$D$14 -> 0 | D30: =IFERROR(Ввод!$U$14,0) -> 0.58823529 | E30: =IFERROR(Ввод!$W$14,0) | F30: =Ввод!$S$14 -> 0 | G30: =IF(Ввод!$H$14=0,"Нет данных",IF($D30>=0.8,"Отлично",IF($D30>=0.5,"Хорошо","Требует внимания"))) -> Хорошо
A31: =Ввод!$B$15 -> СУРХОНДАРЁ ВИЛОЯТИ | B31: =Ввод!$C$15 | C31: =Ввод!$D$15 -> 0 | D31: =IFERROR(Ввод!$U$15,0) -> 0.18556701 | E31: =IFERROR(Ввод!$W$15,0) | F31: =Ввод!$S$15 -> 0 | G31: =IF(Ввод!$H$15=0,"Нет данных",IF($D31>=0.8,"Отлично",IF($D31>=0.5,"Хорошо","Требует внимания"))) -> Требует внимания
A32: =Ввод!$B$16 -> ТОШКЕНТ ВИЛОЯТИ | B32: =Ввод!$C$16 | C32: =Ввод!$D$16 -> 0 | D32: =IFERROR(Ввод!$U$16,0) -> 0 | E32: =IFERROR(Ввод!$W$16,0) | F32: =Ввод!$S$16 -> 0 | G32: =IF(Ввод!$H$16=0,"Нет данных",IF($D32>=0.8,"Отлично",IF($D32>=0.5,"Хорошо","Требует внимания"))) -> Требует внимания
A33: =Ввод!$B$17 -> ТОШКЕНТ ШАХРИ | B33: =Ввод!$C$17 | C33: =Ввод!$D$17 -> 0 | D33: =IFERROR(Ввод!$U$17,0) -> 0 | E33: =IFERROR(Ввод!$W$17,0) | F33: =Ввод!$S$17 -> 0 | G33: =IF(Ввод!$H$17=0,"Нет данных",IF($D33>=0.8,"Отлично",IF($D33>=0.5,"Хорошо","Требует внимания"))) -> Требует внимания
A34: =Ввод!$B$18 -> ФАРГОНА ВИЛОЯТИ | B34: =Ввод!$C$18 | C34: =Ввод!$D$18 -> 0 | D34: =IFERROR(Ввод!$U$18,0) -> 0 | E34: =IFERROR(Ввод!$W$18,0) | F34: =Ввод!$S$18 -> 0 | G34: =IF(Ввод!$H$18=0,"Нет данных",IF($D34>=0.8,"Отлично",IF($D34>=0.5,"Хорошо","Требует внимания"))) -> Требует внимания
A35: =Ввод!$B$19 -> ХОРАЗМ ВИЛОЯТИ | B35: =Ввод!$C$19 | C35: =Ввод!$D$19 -> 0 | D35: =IFERROR(Ввод!$U$19,0) -> 0.46938776 | E35: =IFERROR(Ввод!$W$19,0) | F35: =Ввод!$S$19 -> 0 | G35: =IF(Ввод!$H$19=0,"Нет данных",IF($D35>=0.8,"Отлично",IF($D35>=0.5,"Хорошо","Требует внимания"))) -> Требует внимания
A41: 6. ЛИДЕРЫ И ОТСТАЮЩИЕ ПО % ДОЗВОНА (по областям)
A42: Лидеры | C42: % дозвона | E42: Требуют внимания | H42: % дозвона
A43: =IFERROR(INDEX(Ввод!$B$6:$B$19,MATCH(LARGE(Ввод!$AA$6:$AA$19,1),Ввод!$AA$6:$AA$19,0)),"") -> КАШКАДАРЁ ВИЛОЯТИ | C43: =IFERROR(INDEX(Ввод!$U$6:$U$19,MATCH(LARGE(Ввод!$AA$6:$AA$19,1),Ввод!$AA$6:$AA$19,0)),"") -> 0.87878788 | E43: =IFERROR(INDEX(Ввод!$B$6:$B$19,MATCH(SMALL(Ввод!$AA$6:$AA$19,1),Ввод!$AA$6:$AA$19,0)),"") -> АНДИЖОН ВИЛОЯТИ | H43: =IFERROR(INDEX(Ввод!$U$6:$U$19,MATCH(SMALL(Ввод!$AA$6:$AA$19,1),Ввод!$AA$6:$AA$19,0)),"") -> 0
A44: =IFERROR(INDEX(Ввод!$B$6:$B$19,MATCH(LARGE(Ввод!$AA$6:$AA$19,2),Ввод!$AA$6:$AA$19,0)),"") -> КОРАКАЛПОГИСТОН РЕСПУБЛИКАСИ | C44: =IFERROR(INDEX(Ввод!$U$6:$U$19,MATCH(LARGE(Ввод!$AA$6:$AA$19,2),Ввод!$AA$6:$AA$19,0)),"") -> 0.76923077 | E44: =IFERROR(INDEX(Ввод!$B$6:$B$19,MATCH(SMALL(Ввод!$AA$6:$AA$19,2),Ввод!$AA$6:$AA$19,0)),"") -> БУХОРО ВИЛОЯТИ | H44: =IFERROR(INDEX(Ввод!$U$6:$U$19,MATCH(SMALL(Ввод!$AA$6:$AA$19,2),Ввод!$AA$6:$AA$19,0)),"") -> 0
A45: =IFERROR(INDEX(Ввод!$B$6:$B$19,MATCH(LARGE(Ввод!$AA$6:$AA$19,3),Ввод!$AA$6:$AA$19,0)),"") -> СИРДАРЁ ВИЛОЯТИ | C45: =IFERROR(INDEX(Ввод!$U$6:$U$19,MATCH(LARGE(Ввод!$AA$6:$AA$19,3),Ввод!$AA$6:$AA$19,0)),"") -> 0.58823529 | E45: =IFERROR(INDEX(Ввод!$B$6:$B$19,MATCH(SMALL(Ввод!$AA$6:$AA$19,3),Ввод!$AA$6:$AA$19,0)),"") -> ТОШКЕНТ ВИЛОЯТИ | H45: =IFERROR(INDEX(Ввод!$U$6:$U$19,MATCH(SMALL(Ввод!$AA$6:$AA$19,3),Ввод!$AA$6:$AA$19,0)),"") -> 0

Sheet Дашборд
A3: Дата отчёта: | C3: =Ввод!$C$2 -> 46272 | E3: Просрочка, сум | H3: =Ввод!$G$24 -> 6.9014395e+09
E4: Оплачено за день, сум | H4: =Ввод!$S$24 -> 0
E5: Просрочка на 1 сотрудника, шт | H5: =IFERROR(Ввод!$H$24/Ввод!$D$24,0) -> 0
A7: СВОД ПО ОБЛАСТЯМ
A8: Область | B8: Тип | C8: Сотруд- ников | D8: Портфель, сум | E8: Просрочка, сум | F8: % просрочки | G8: Просрочка, шт | H8: Дозвон, шт | I8: % дозвона | J8: Просрочка на 1 сотр. | K8: Обещали, шт | L8: Оплачено, сум | M8: Оценка | N8: Область
A9: =Ввод!$B$6 -> АНДИЖОН ВИЛОЯТИ | C9: =Ввод!$D$6 -> 0 | D9: =Ввод!$E$6 -> 2.1670184e+10 | E9: =Ввод!$G$6 -> 2.1699731e+08 | F9: =IFERROR($E9/$D9,0) -> 0.010013635 | G9: =Ввод!$H$6 -> 32 | H9: =Ввод!$L$6 -> 0 | I9: =IFERROR($H9/$G9,0) -> 0 | J9: =IFERROR($G9/$C9,0) -> 0 | K9: =Ввод!$N$6 -> 0 | L9: =Ввод!$S$6 -> 0 | M9: =IF($G9=0,"Нет данных",IF($I9>=0.8,"Отлично",IF($I9>=0.5,"Хорошо","Требует внимания"))) -> Требует внимания | N9: =IFERROR(INDEX(Справочники!$H$4:$H$21,MATCH($A9,Справочники!$B$4:$B$21,0)),"")
A10: =Ввод!$B$7 -> БУХОРО ВИЛОЯТИ | C10: =Ввод!$D$7 -> 0 | D10: =Ввод!$E$7 -> 5.1231734e+09 | E10: =Ввод!$G$7 -> 2.0266951e+08 | F10: =IFERROR($E10/$D10,0) -> 0.03955937 | G10: =Ввод!$H$7 -> 18 | H10: =Ввод!$L$7 -> 0 | I10: =IFERROR($H10/$G10,0) -> 0 | J10: =IFERROR($G10/$C10,0) -> 0 | K10: =Ввод!$N$7 -> 0 | L10: =Ввод!$S$7 -> 0 | M10: =IF($G10=0,"Нет данных",IF($I10>=0.8,"Отлично",IF($I10>=0.5,"Хорошо","Требует внимания"))) -> Требует внимания | N10: =IFERROR(INDEX(Справочники!$H$4:$H$21,MATCH($A10,Справочники!$B$4:$B$21,0)),"")
A11: =Ввод!$B$8 -> ЖИЗЗАХ ВИЛОЯТИ | C11: =Ввод!$D$8 -> 0 | D11: =Ввод!$E$8 -> 1.3904205e+10 | E11: =Ввод!$G$8 -> 2.498528e+08 | F11: =IFERROR($E11/$D11,0) -> 0.017969585 | G11: =Ввод!$H$8 -> 51 | H11: =Ввод!$L$8 -> 20 | I11: =IFERROR($H11/$G11,0) -> 0.39215686 | J11: =IFERROR($G11/$C11,0) -> 0 | K11: =Ввод!$N$8 -> 19 | L11: =Ввод!$S$8 -> 0 | M11: =IF($G11=0,"Нет данных",IF($I11>=0.8,"Отлично",IF($I11>=0.5,"Хорошо","Требует внимания"))) -> Требует внимания | N11: =IFERROR(INDEX(Справочники!$H$4:$H$21,MATCH($A11,Справочники!$B$4:$B$21,0)),"")
A12: =Ввод!$B$9 -> КАШКАДАРЁ ВИЛОЯТИ | C12: =Ввод!$D$9 -> 0 | D12: =Ввод!$E$9 -> 1.2186569e+10 | E12: =Ввод!$G$9 -> 2.0555796e+08 | F12: =IFERROR($E12/$D12,0) -> 0.016867583 | G12: =Ввод!$H$9 -> 33 | H12: =Ввод!$L$9 -> 29 | I12: =IFERROR($H12/$G12,0) -> 0.87878788 | J12: =IFERROR($G12/$C12,0) -> 0 | K12: =Ввод!$N$9 -> 18 | L12: =Ввод!$S$9 -> 0 | M12: =IF($G12=0,"Нет данных",IF($I12>=0.8,"Отлично",IF($I12>=0.5,"Хорошо","Требует внимания"))) -> Отлично | N12: =IFERROR(INDEX(Справочники!$H$4:$H$21,MATCH($A12,Справочники!$B$4:$B$21,0)),"")
A13: =Ввод!$B$10 -> КОРАКАЛПОГИСТОН РЕСПУБЛИКАСИ | C13: =Ввод!$D$10 -> 0 | D13: =Ввод!$E$10 -> 1.1119545e+10 | E13: =Ввод!$G$10 -> 2.5963958e+08 | F13: =IFERROR($E13/$D13,0) -> 0.023349839 | G13: =Ввод!$H$10 -> 26 | H13: =Ввод!$L$10 -> 20 | I13: =IFERROR($H13/$G13,0) -> 0.76923077 | J13: =IFERROR($G13/$C13,0) -> 0 | K13: =Ввод!$N$10 -> 4 | L13: =Ввод!$S$10 -> 0 | M13: =IF($G13=0,"Нет данных",IF($I13>=0.8,"Отлично",IF($I13>=0.5,"Хорошо","Требует внимания"))) -> Хорошо | N13: =IFERROR(INDEX(Справочники!$H$4:$H$21,MATCH($A13,Справочники!$B$4:$B$21,0)),"")
A14: =Ввод!$B$11 -> НАВОИЙ ВИЛОЯТИ | C14: =Ввод!$D$11 -> 0 | D14: =Ввод!$E$11 -> 6.476845e+09 | E14: =Ввод!$G$11 -> 1.0708535e+08 | F14: =IFERROR($E14/$D14,0) -> 0.016533567 | G14: =Ввод!$H$11 -> 18 | H14: =Ввод!$L$11 -> 1 | I14: =IFERROR($H14/$G14,0) -> 0.055555556 | J14: =IFERROR($G14/$C14,0) -> 0 | K14: =Ввод!$N$11 -> 1 | L14: =Ввод!$S$11 -> 0 | M14: =IF($G14=0,"Нет данных",IF($I14>=0.8,"Отлично",IF($I14>=0.5,"Хорошо","Требует внимания"))) -> Требует внимания | N14: =IFERROR(INDEX(Справочники!$H$4:$H$21,MATCH($A14,Справочники!$B$4:$B$21,0)),"")
A15: =Ввод!$B$12 -> НАМАНГАН ВИЛОЯТИ | C15: =Ввод!$D$12 -> 0 | D15: =Ввод!$E$12 -> 1.4729616e+10 | E15: =Ввод!$G$12 -> 5.9799851e+08 | F15: =IFERROR($E15/$D15,0) -> 0.040598377 | G15: =Ввод!$H$12 -> 62 | H15: =Ввод!$L$12 -> 30 | I15: =IFERROR($H15/$G15,0) -> 0.48387097 | J15: =IFERROR($G15/$C15,0) -> 0 | K15: =Ввод!$N$12 -> 30 | L15: =Ввод!$S$12 -> 0 | M15: =IF($G15=0,"Нет данных",IF($I15>=0.8,"Отлично",IF($I15>=0.5,"Хорошо","Требует внимания"))) -> Требует внимания | N15: =IFERROR(INDEX(Справочники!$H$4:$H$21,MATCH($A15,Справочники!$B$4:$B$21,0)),"")
A16: =Ввод!$B$13 -> САМАРКАНД ВИЛОЯТИ | C16: =Ввод!$D$13 -> 0 | D16: =Ввод!$E$13 -> 1.6007859e+10 | E16: =Ввод!$G$13 -> 2.6721243e+08 | F16: =IFERROR($E16/$D16,0) -> 0.016692577 | G16: =Ввод!$H$13 -> 61 | H16: =Ввод!$L$13 -> 15 | I16: =IFERROR($H16/$G16,0) -> 0.24590164 | J16: =IFERROR($G16/$C16,0) -> 0 | K16: =Ввод!$N$13 -> 15 | L16: =Ввод!$S$13 -> 0 | M16: =IF($G16=0,"Нет данных",IF($I16>=0.8,"Отлично",IF($I16>=0.5,"Хорошо","Требует внимания"))) -> Требует внимания | N16: =IFERROR(INDEX(Справочники!$H$4:$H$21,MATCH($A16,Справочники!$B$4:$B$21,0)),"")
A17: =Ввод!$B$14 -> СИРДАРЁ ВИЛОЯТИ | C17: =Ввод!$D$14 -> 0 | D17: =Ввод!$E$14 -> 7.1897605e+09 | E17: =Ввод!$G$14 -> 97690450 | F17: =IFERROR($E17/$D17,0) -> 0.013587441 | G17: =Ввод!$H$14 -> 17 | H17: =Ввод!$L$14 -> 10 | I17: =IFERROR($H17/$G17,0) -> 0.58823529 | J17: =IFERROR($G17/$C17,0) -> 0 | K17: =Ввод!$N$14 -> 1 | L17: =Ввод!$S$14 -> 0 | M17: =IF($G17=0,"Нет данных",IF($I17>=0.8,"Отлично",IF($I17>=0.5,"Хорошо","Требует внимания"))) -> Хорошо | N17: =IFERROR(INDEX(Справочники!$H$4:$H$21,MATCH($A17,Справочники!$B$4:$B$21,0)),"")
A18: =Ввод!$B$15 -> СУРХОНДАРЁ ВИЛОЯТИ | C18: =Ввод!$D$15 -> 0 | D18: =Ввод!$E$15 -> 1.6585229e+10 | E18: =Ввод!$G$15 -> 1.0837511e+09 | F18: =IFERROR($E18/$D18,0) -> 0.065344354 | G18: =Ввод!$H$15 -> 97 | H18: =Ввод!$L$15 -> 18 | I18: =IFERROR($H18/$G18,0) -> 0.18556701 | J18: =IFERROR($G18/$C18,0) -> 0 | K18: =Ввод!$N$15 -> 2 | L18: =Ввод!$S$15 -> 0 | M18: =IF($G18=0,"Нет данных",IF($I18>=0.8,"Отлично",IF($I18>=0.5,"Хорошо","Требует внимания"))) -> Требует внимания | N18: =IFERROR(INDEX(Справочники!$H$4:$H$21,MATCH($A18,Справочники!$B$4:$B$21,0)),"")
A19: =Ввод!$B$16 -> ТОШКЕНТ ВИЛОЯТИ | C19: =Ввод!$D$16 -> 0 | D19: =Ввод!$E$16 -> 3.6871387e+10 | E19: =Ввод!$G$16 -> 8.8698663e+08 | F19: =IFERROR($E19/$D19,0) -> 0.024056232 | G19: =Ввод!$H$16 -> 93 | H19: =Ввод!$L$16 -> 0 | I19: =IFERROR($H19/$G19,0) -> 0 | J19: =IFERROR($G19/$C19,0) -> 0 | K19: =Ввод!$N$16 -> 0 | L19: =Ввод!$S$16 -> 0 | M19: =IF($G19=0,"Нет данных",IF($I19>=0.8,"Отлично",IF($I19>=0.5,"Хорошо","Требует внимания"))) -> Требует внимания | N19: =IFERROR(INDEX(Справочники!$H$4:$H$21,MATCH($A19,Справочники!$B$4:$B$21,0)),"")
A20: =Ввод!$B$17 -> ТОШКЕНТ ШАХРИ | C20: =Ввод!$D$17 -> 0 | D20: =Ввод!$E$17 -> 4.3531855e+10 | E20: =Ввод!$G$17 -> 1.6257267e+09 | F20: =IFERROR($E20/$D20,0) -> 0.037345679 | G20: =Ввод!$H$17 -> 115 | H20: =Ввод!$L$17 -> 0 | I20: =IFERROR($H20/$G20,0) -> 0 | J20: =IFERROR($G20/$C20,0) -> 0 | K20: =Ввод!$N$17 -> 0 | L20: =Ввод!$S$17 -> 0 | M20: =IF($G20=0,"Нет данных",IF($I20>=0.8,"Отлично",IF($I20>=0.5,"Хорошо","Требует внимания"))) -> Требует внимания | N20: =IFERROR(INDEX(Справочники!$H$4:$H$21,MATCH($A20,Справочники!$B$4:$B$21,0)),"")
A21: =Ввод!$B$18 -> ФАРГОНА ВИЛОЯТИ | C21: =Ввод!$D$18 -> 0 | D21: =Ввод!$E$18 -> 1.7403439e+10 | E21: =Ввод!$G$18 -> 806811380 | F21: =IFERROR($E21/$D21,0) -> 0.046359308 | G21: =Ввод!$H$18 -> 53 | H21: =Ввод!$L$18 -> 0 | I21: =IFERROR($H21/$G21,0) -> 0 | J21: =IFERROR($G21/$C21,0) -> 0 | K21: =Ввод!$N$18 -> 0 | L21: =Ввод!$S$18 -> 0 | M21: =IF($G21=0,"Нет данных",IF($I21>=0.8,"Отлично",IF($I21>=0.5,"Хорошо","Требует внимания"))) -> Требует внимания | N21: =IFERROR(INDEX(Справочники!$H$4:$H$21,MATCH($A21,Справочники!$B$4:$B$21,0)),"")
A22: =Ввод!$B$19 -> ХОРАЗМ ВИЛОЯТИ | C22: =Ввод!$D$19 -> 0 | D22: =Ввод!$E$19 -> 2.0499096e+10 | E22: =Ввод!$G$19 -> 2.9345986e+08 | F22: =IFERROR($E22/$D22,0) -> 0.014315746 | G22: =Ввод!$H$19 -> 49 | H22: =Ввод!$L$19 -> 23 | I22: =IFERROR($H22/$G22,0) -> 0.46938776 | J22: =IFERROR($G22/$C22,0) -> 0 | K22: =Ввод!$N$19 -> 6 | L22: =Ввод!$S$19 -> 0 | M22: =IF($G22=0,"Нет данных",IF($I22>=0.8,"Отлично",IF($I22>=0.5,"Хорошо","Требует внимания"))) -> Требует внимания | N22: =IFERROR(INDEX(Справочники!$H$4:$H$21,MATCH($A22,Справочники!$B$4:$B$21,0)),"")
A27: ИТОГО | C27: =SUM(C9:C26) -> 0 | D27: =SUM(D9:D26) -> 2.4329876e+11 | E27: =SUM(E9:E26) -> 6.9014395e+09 | F27: =IFERROR($E27/$D27,0) -> 0.02836611 | G27: =SUM(G9:G26) -> 725 | H27: =SUM(H9:H26) -> 166 | I27: =IFERROR($H27/$G27,0) -> 0.22896552 | J27: =IFERROR($G27/$C27,0) -> 0 | K27: =SUM(K9:K26) -> 96 | L27: =SUM(L9:L26) -> 0 | M27: =IF($I27>=0.8,"Отлично",IF($I27>=0.5,"Хорошо","Требует внимания")) -> Требует внимания

Sheet Справочники
A3: № | B3: Филиал (точно как в файлах) | C3: Тип | D3: Ответственный (Ф.И.О.) | E3: Кол-во сотрудников | F3: Телефон | G3: Норматив % просрочки | H3: Область | K3: Оценка эффективности | N3: Статус проверки
A4: 1 | B4: Урганч филиали | C4: Регион | D4: — впишите — | E4: 0 | F4: +998 __ ___ __ __ | G4: 0.05 | H4: ХОРАЗМ ВИЛОЯТИ | K4: Отлично (≥80% дозвона) | N4: Не проверено
A5: 2 | B5: Самарқанд филиали | C5: Регион | D5: — впишите — | E5: 0 | F5: +998 __ ___ __ __ | G5: 0.05 | H5: САМАРКАНД ВИЛОЯТИ | K5: Хорошо (50–79%) | N5: Проверено куратором
A6: 3 | B6: Денов филиали | C6: Регион | D6: — впишите — | E6: 0 | F6: +998 __ ___ __ __ | G6: 0.05 | H6: СУРХОНДАРЁ ВИЛОЯТИ | K6: Требует внимания (<50%)
A7: 4 | B7: Жиззах филиали | C7: Регион | D7: — впишите — | E7: 0 | F7: +998 __ ___ __ __ | G7: 0.05 | H7: ЖИЗЗАХ ВИЛОЯТИ | K7: Нет данных
A8: 5 | B8: Андижон филиали | C8: Регион | D8: — впишите — | E8: 0 | F8: +998 __ ___ __ __ | G8: 0.05 | H8: АНДИЖОН ВИЛОЯТИ
A9: 6 | B9: Наманган филиали | C9: Регион | D9: — впишите — | E9: 0 | F9: +998 __ ___ __ __ | G9: 0.05 | H9: НАМАНГАН ВИЛОЯТИ
A10: 7 | B10: Фарғона филиали | C10: Регион | D10: — впишите — | E10: 0 | F10: +998 __ ___ __ __ | G10: 0.05 | H10: ФАРГОНА ВИЛОЯТИ
A11: 8 | B11: Қарши филиали | C11: Регион | D11: — впишите — | E11: 0 | F11: +998 __ ___ __ __ | G11: 0.05 | H11: КАШКАДАРЁ ВИЛОЯТИ
A12: 9 | B12: Нукус филиали | C12: Регион | D12: — впишите — | E12: 0 | F12: +998 __ ___ __ __ | G12: 0.05 | H12: КОРАКАЛПОГИСТОН РЕСПУБЛИКАСИ
A13: 10 | B13: Навоий филиали | C13: Регион | D13: — впишите — | E13: 0 | F13: +998 __ ___ __ __ | G13: 0.05 | H13: НАВОИЙ ВИЛОЯТИ
A14: 11 | B14: Бухоро филиали | C14: Регион | D14: — впишите — | E14: 0 | F14: +998 __ ___ __ __ | G14: 0.05 | H14: БУХОРО ВИЛОЯТИ
A15: 12 | B15: Термиз филиали | C15: Регион | D15: — впишите — | E15: 0 | F15: +998 __ ___ __ __ | G15: 0.05 | H15: СУРХОНДАРЁ ВИЛОЯТИ
A16: 13 | B16: Гулистон филиали | C16: Регион | D16: — впишите — | E16: 0 | F16: +998 __ ___ __ __ | G16: 0.05 | H16: СИРДАРЁ ВИЛОЯТИ
A17: 14 | B17: Олмалиқ филиали | C17: Регион | D17: — впишите — | E17: 0 | F17: +998 __ ___ __ __ | G17: 0.05 | H17: ТОШКЕНТ ВИЛОЯТИ
A18: 15 | B18: Чирчик филиали | C18: Регион | D18: — впишите — | E18: 0 | F18: +998 __ ___ __ __ | G18: 0.05 | H18: ТОШКЕНТ ВИЛОЯТИ
A19: 16 | B19: Янги Йул филиали | C19: Регион | D19: — впишите — | E19: 0 | F19: +998 __ ___ __ __ | G19: 0.05 | H19: ТОШКЕНТ ВИЛОЯТИ
... A21: 18 | B21: BOSH OFIS | C21: Центральное | D21: — впишите — | E21: 0 | F21: +998 __ ___ __ __ | G21: 0.05 | H21: ТОШКЕНТ ШАХРИ
B22: ИТОГО | E22: =SUM(E4:E21) -> 0
